id,description
t001,GAS #7733
t002,MARRIOTT HOTELS VANCOUVER BC
t003,TIM HO
t004,GREEN P 3041
t005,costco wholesale w1127
t006,FOREIGN EXCHANGE FEE
t007,JEAN COUTU LAVAL
t008,H&M CA ONLINE
t009,FRESHCO*HAMILTON
t010,AIR CANADA 0142385671
t011,T&T SUPERMARKET RICHMOND BC
t012,CANADA POST*PO BOX
t013,CIRCLE K #2841
t014,SQ *STRIKE BOWLING LANES
t015,LONDON DRUGS #77 VANCOUVER
t016,PAYPAL
t017,SENECA COLLEGE
t018,STARBUCKS #11823
t019,DROPBOX*7KX2M
t020,TELUS MOBILITY
t021,NSF CHARGE
t022,Loblaws 1042
t023,EPIC GAMES STORE
t024,FOREIGN EXCH FEE
t025,NETFLIX*MONTHLY
t026,SQ *HALIFAX BOOKSHOP
t027,INTEREST CHARGE
t028,SHOPPERS DRUG MART #2231
t029,PIONEER #8830
t030,RCSS#1553 EDMONTON AB
t031,WIRE TRANSFER IN
t032,dollarama
t033,REXALL PHARMA PLUS BURNABY BC
t034,TIM HORTONS #1234
t035,PORTER AIRLINES
t036,FIDO MOBILE
t037,ANNUAL FEE
t038,CANADIAN TIRE #0161
t039,WINNERS HOMESENSE 1190
t040,POS SUBWAY 28811 LONDON ON
t041,E-TRANSFER FEE
t042,MONTHLY ACCOUNT FEE
t043,RETURN WINNERS #212
t044,TST*PHO HOA ESCOFFIER
t045,PAYROLL DEP NORTHGATE LOGISTICS
t046,PETRO-CANADA NEIGHBOURS STORE
t047,INTERAC E-TRNSFR SENT
t048,ADOBE *CREATIVE CLOUD
t049,SHOPPERS DRUG MRT 0412
t050,BOSTON PIZZA #207
t051,NO FRILLS #0481
t052,PAYROLL DEPOSIT
t053,FOOD BASICS WINDSOR ON
t054,VIA RAIL 8423 OTTAWA ON
t055,IKEA #0213
t056,WALMART SUPERCENTER
t057,APL*ITUNES.COM/BILL
t058,GAS*
t059,TRANSFER FROM SAVINGS
t060,POS REXALL #7241
t061,VIA RAIL CANADA
t062,MONTHLY FEE*
t063,A&W RESTAURANTS CALGARY AB
t064,CASH ADV FEE
t065,WESTJET 8381204967
t066,TIFF BELL LIGHTBOX
t067,AIRBNB * HMK2ZQ4
t068,PAYPAL *ETSYINC
t069,UBER *EATS
t070,SDM #1190 TORONTO
t071,MCDONALD'S #4821
t072,7-ELEVEN 31245 TORONTO
t073,payroll dep ca
t074,ATM WITHDRAWAL
t075,AIR CANADA VACATIONS
t076,METRO #7712 OTTAWA ON
t077,AMAZON.CA
t078,PETRO-CANADA #1187 CONV STORE
t079,REFUND AMZN MKTP CA
t080,CRAVE TV TORONTO ON
t081,INTERAC AUTODEPOSIT RCVD
t082,APPLE.COM/BILL
t083,BELL MEDIA CRAVE
t084,PLAYSTATION NETWORK
t085,SPOTIFY AB STOCKHOLM
t086,CINEPLEX ODEON YORKGATE
t087,COSTCO WHSE #0489 MISSISSAUGA
t088,SERVICEONTARIO LICENCE
t089,PAYPAL INST XFER
t090,UBER *EATS HELP.UBER.COM
t091,HYDRO ONE PRE-AUTH
t092,PAYROLL DEP
t093,CINEPLEX #0214
t094,SHELL EASY PAY EDMONTON
t095,HARVEYS #0342
t096,WAL-MART #3054 BRAMPTON
t097,407 ETR
t098,MONTHLY FEE
t099,GREEN P PARKING TORONTO
t100,MICROSOFT*365 PERSONAL
t101,CO-OP GAS BAR #12 SASKATOON SK
t102,LIVE NATION CANADA
t103,TICKETMASTER CA
t104,GOODLIFE CLUBS
t105,TTC*FARE
t106,SPOTIFY P3A1B4C
t107,WHOLE F
t108,FARM BOY #035 OTTAWA
t109,SQ *LA BODEGA #2
t110,DOORDASH*THAI EXPRESS
t111,SHELL #55821
t112,THE HOME DEPOT #7011
t113,AIR CAN*TICKET
t114,JEAN COUTU #0412 QC
t115,GOOGLE *YOUTUBE PREMIUM
t116,CANADA CHILD BENEFIT
t117,YMCA OF GREATER TORONTO
t118,GAS
t119,STUBHUB*EVENT TICKETS
t120,INTERAC E-TRNSFR RCVD
t121,POS DOLLARAMA 1224 BRAMPTON
t122,POS METRO PLUS 0312
t123,DOLLARAMA #1224
t124,TST* THE LOCAL TAP HOUSE
t125,GST CREDIT
t126,COSTCO WHSE
t127,NOFRILLS BRAMPTON
t128,DD *DOORDASH WENDYS
t129,PRESTO AUTOLOAD
t130,TORONTO HYDRO
t131,NINTENDO ESHOP
t132,REAL CANADIAN SUPERSTORE
t133,NOTARY PUBLIC TORONTO
t134,ESSO #4410
t135,SERVICE CHARGE
t136,OD FEE
t137,NSF FEE
t138,OC TRANSPO PRESTO
t139,BELL MOBILITY
t140,PIZZAPIZZA
t141,ATM FEE
t142,TTC FARE TORONTO
t143,IGA EXTRA #8420 QC
t144,LULULEMON ATHLETICA #123
t145,A&W #0732
t146,GIANT TIGER #85
t147,CASH ADV INTEREST
t148,LOBLAWS #1042 TORONTO ON
t149,HILTON TORONTO
t150,ROGERS ***6512
t151,UNITED WAY GREATER TORONTO
t152,UBER *TRIP HELP.UBER.COM
t153,WESTJET*VACATIONS
t154,ULTRAMAR #2210 QC
t155,SQ *NORTHSIDE PHYSIOTHERAPY
t156,SHAW CABLESYSTEMS CALGARY
t157,COSTCO WHOLESALE #123
t158,POS LOBLAWS MISSISSAUGA
t159,WALMART.CA
t160,SKIPTHEDISHES*ORDER
t161,E-TRANSFER
t162,CANADIAN RED CROSS DONATION
t163,XBOX GAME PASS
t164,ABM WITHDRAWAL SCOTIA #1182
t165,UBER *PENDING
t166,SQ *DOWNTOWN DENTAL
t167,APPLE.COM/BILL ITUNES.COM
t168,CDN TIRE 0161 BRAMPTON
t169,INTEREST
t170,ADOBE *ACROPRO SUBS
t171,STARBUCKS COFFEE VANCOUVER BC
t172,WHOLE FOODS #10172 TORONTO ON
t173,PAYPAL *
t174,T&T SUPERMARKET #8
t175,STAPLES #214
t176,7-ELEVEN #2243
t177,TD HOME & AUTO INS
t178,CINEPLEX ENTERTAINMENT TORONTO
t179,407ETR TOLL
t180,LENSCRAFTERS #112
t181,KOODO MOBILE
t182,Canadian Tire #0222
t183,DISNEY PLUS
t184,MANITOBA HYDRO
t185,AMZN MKTP CA
t186,NETFLIX.COM
t187,INTERAC E-TRNSFR
t188,TIM HORTONS 0987 BRAMPTON ON
t189,SQ *THE PINE CAFE
t190,POS TIMS #4455
t191,INDIGO BOOKS #1021
t192,NORDVPN.COM
t193,EI PAYMENT SERVICE CANADA
t194,APPLE STORE R121 TORONTO
t195,ROGERS WIRELESS PYMT
t196,BRIGHT SMILES DENTAL TORONTO
t197,F45 TRAINING OAKVILLE
t198,ETRANSFER
t199,Netflix.com Los Gatos CA
t200,POPEYES #8450
t201,PASSPORT CANADA
t202,MOBILE DEPOSIT
t203,ESSO ON THE RUN #6612
t204,PETRO-CANADA #0412
t205,no frills #0481 oshawa on
t206,OVERDRAFT FEE
t207,Sobeys Urban Fresh
t208,LIFELABS ONTARIO
t209,GOODLIFE FITNESS* MEMBERSHIP
t210,POS ESSO 4410 MARKHAM ON
t211,TELUS COMMUNICATIONS EDMONTON
t212,BOSTON PIZZA MISSISSAUGA
t213,ATM W/D #3321 TORONTO ON
t214,E-TRANSFER SENT
t215,GOOGLE *GOOGLE ONE
t216,SQ *MAPLE LEAF DINER
t217,FLAIR AIRLINES
t218,INDIGO TORONTO ON
t219,EXPEDIA CANADA
t220,SKIPTHEDISHES
t221,BELAIRDIRECT INSURANCE
t222,AMAZON*MARKETPLACE
t223,MCDONALDS #5530 OSHAWA ON
t224,AIRBNB *HM4RT9
t225,GOOGLE*YOUTUBEPREMIUM
t226,FRESHCO #1210
t227,AMAZON PRIME*TZ3Q8
t228,CASH WITHDRAWAL
t229,ENBRIDGE GAS
t230,SQ *KENSINGTON BAKERY TORONTO
t231,BELL CANADA PRE-AUTH PYMT
t232,SWISS CHALET TORONTO ON
t233,IMPARK 4411
t234,TRANSLINK COMPASS VANCOUVER
t235,SBUX #3367
t236,STM OPUS RECHARGE MONTREAL QC
t237,TM *LIVE EVENT
t238,AUDIBLE CA*1R5T2
t239,SIMONS QUEBEC QC
t240,CANADA POST
t241,UBER
t242,FOOD BASICS #115
t243,STEAMGAMES.COM 4259522
t244,DOORDASH*MCDONALDS
t245,SQ *LAUGH LOFT COMEDY
t246,FRESHCO HAMILTON ON
t247,UBER *TRIP
t248,ANYTIME FITNESS BRAMPTON
t249,MARY BROWNS CHICKEN #44
t250,ROGERS
t251,MARCHE METRO LAVAL QC
t252,SAVEON FOODS*
t253,ENBRIDGE GAS INC PAP
t254,E-TRANSFER AUTODEPOSIT
t255,SPOTIFY*PREMIUM
t256,VIDEOTRON MONTREAL QC
t257,DISNEYPLUS
t258,Starbucks Store 08221
t259,PHARMASAVE #318
t260,SKIP THE DISHES TORONTO
t261,BOOKING.COM
t262,FARMBOY
t263,AMZN Mktp CA*2K4L9
t264,HYDRO ONE NETWORKS
t265,FREEDOM MOBILE
t266,PIZZA PIZZA #0156
t267,GOODLIFE FITNESS #0231
t268,SERVICE ONTARIO
t269,THE UPS STORE #234
t270,BELL ALIANT HALIFAX NS
t271,BEST BUY #918
t272,PRESTO MISSISSAUGA
t273,REVERSAL TIM HORTONS
t274,TELUS*COMM
t275,UNIV OF TORONTO FEES
t276,PETRO CANADA 7733 BRAMPTON
t277,REAL CDN SUPERSTORE #1553
t278,DOLLAR
t279,WESTJET AIRLINES CALGARY AB
t280,IKEA NORTH YORK ON
t281,LANDMARK CINEMAS #8
t282,SQ *ROYAL DRY CLEANERS
t283,PETRO-
t284,SOBEYS HALIFAX NS
t285,INTEREST ADJ
t286,H&M #3317
t287,BESTBUY.CA
t288,SUBWAY #28811
t289,SAVE-ON-FOODS #6602 VANCOUVER BC
t290,SAVE ON FOODS 6602
t291,CANADAS WONDERLAND VAUGHAN
t292,MCDONALDS
t293,BRANCH DEPOSIT
t294,SWISS CHALET #1124
t295,TST* SUSHI KAZE
t296,WINNERS #0212
t297,HOME DEPOT 7011 BARRIE ON
t298,WM SUPERCENTER #1126
t299,SOBEYS #0867
t300,SECOND CUP #512
